name,count,year,month
Tesla,3573,2014,10
Tazzari,2,2014,10
Smart,10,2014,10
Nissan,7871,2014,10
Renault,1319,2014,10
Citroen,2327,2014,10
Volkswagen,17715,2014,10
Mitsubishi,4570,2014,10
Peugeot,5522,2014,10
Lexus,598,2014,10
BMW,8088,2014,10
Fiat,329,2014,10
Toyota,13696,2014,10
MINI,786,2014,10
Ford,6577,2014,10
Kia,3607,2014,10
Skoda,6200,2014,10
Volvo,8303,2014,10
Suzuki,2505,2014,10
Alfa Romeo,80,2014,10
Dacia,120,2014,10
Hyundai,1979,2014,10
Opel,2574,2014,10
Audi,5957,2014,10
Mazda,5276,2014,10
Honda,1806,2014,10
Chevrolet,358,2014,10
Subaru,2054,2014,10
Jeep,167,2014,10
Jaguar,43,2014,10
Morgan,2,2014,10
Porsche,337,2014,10
Land Rover,466,2014,10
Nilsson,9,2014,10
Iveco,1,2014,10
Ssangyong,2,2014,10
Cadillac,2,2014,10
Tesla,2623,2016,10
Smart,53,2016,10
Renault,2523,2016,10
Nissan,6957,2016,10
Mitsubishi,5745,2016,10
Volkswagen,22217,2016,10
BMW,9568,2016,10
Kia,3543,2016,10
Citroen,1576,2016,10
Mercedes-Benz,7529,2016,10
Toyota,14840,2016,10
Peugeot,4101,2016,10
Fiat,101,2016,10
Audi,6181,2016,10
DS,192,2016,10
Lexus,992,2016,10
Hyundai,1917,2016,10
Volvo,6788,2016,10
Alfa Romeo,36,2016,10
Dacia,194,2016,10
Skoda,6583,2016,10
Ssangyong,64,2016,10
Ford,6868,2016,10
Suzuki,2450,2016,10
Honda,1606,2016,10
Jaguar,288,2016,10
Mazda,5642,2016,10
Morgan,2,2016,10
Jeep,61,2016,10
Subaru,1985,2016,10
Land Rover,348,2016,10
Porsche,360,2016,10
Maserati,3,2016,10
Cadillac,1,2016,10
Ford USA,41,2016,10
Ferrari,2,2016,10
Bentley,3,2016,10
Aston Martin,3,2016,10
Tesla,2793,2016,11
Smart,55,2016,11
Renault,2725,2016,11
Mitsubishi,6217,2016,11
Nissan,7528,2016,11
Volkswagen,24319,2016,11
BMW,11231,2016,11
Kia,3886,2016,11
Mercedes-Benz,8333,2016,11
Citroen,1736,2016,11
Toyota,16215,2016,11
Peugeot,4528,2016,11
Audi,6826,2016,11
DS,194,2016,11
Lexus,1081,2016,11
Alfa Romeo,40,2016,11
Volvo,7542,2016,11
fVlINl,789,2016,11
Dacia,225,2016,11
Skoda,7248,2016,11
Opel,3336,2016,11
Ford,7558,2016,11
Ssangyong,77,2016,11
Honda,1715,2016,11
Jaguar,321,2016,11
Mazda,6062,2016,11
Morgan,2,2016,11
Jeep,84,2016,11
Land Rover,380,2016,11
Subaru,2264,2016,11
Porsche,389,2016,11
Maserati,3,2016,11
Ford USA,41,2016,11
Ferrari,2,2016,11
Bentley,3,2016,11
Lamborghini,1,2016,11
Aston Martin,3,2016,11
Tesla,4042,2014,12
Tazzari,2,2014,12
Smart,10,2014,12
Nissan,9192,2014,12
Renault,1633,2014,12
Citroen,2750,2014,12
Volkswagen,21651,2014,12
Mitsubishi,5238,2014,12
Peugeot,6555,2014,12
Lexus,792,2014,12
BMW,9602,2014,12
Toyota,15992,2014,12
Kia,4409,2014,12
MINI,940,2014,12
Ford,7819,2014,12
Volvo,11325,2014,12
Suzuki,2848,2014,12
Alfa Romeo,83,2014,12
Dacia,153,2014,12
Hyundai,2243,2014,12
Audi,7077,2014,12
Opel,2947,2014,12
Mercedes-Benz,6575,2014,12
Chevrolet,425,2014,12
Subaru,2478,2014,12
Jeep,208,2014,12
Jaguar,49,2014,12
Morgan,2,2014,12
Porsche,417,2014,12
Land Rover,578,2014,12
Nilsson,9,2014,12
Iveco,1,2014,12
Ssangyong,2,2014,12
Cadillac,2,2014,12
Smart,56,2016,12
Renault,2949,2016,12
Nissan,8061,2016,12
Mitsubishi,6661,2016,12
BMW,12097,2016,12
Volkswagen,26556,2016,12
Kia,4213,2016,12
Hyundai,2740,2016,12
Mercedes-Benz,8975,2016,12
Citroen,1855,2016,12
Toyota,17453,2016,12
Peugeot,4798,2016,12
Audi,7653,2016,12
Fiat,145,2016,12
DS,200,2016,12
MINI,857,2016,12
Alfa Romeo,43,2016,12
Volvo,8777,2016,12
Dacia,305,2016,12
Ford,8285,2016,12
Skoda,7774,2016,12
Opel,3708,2016,12
Suzuki,2990,2016,12
Ssangyong,82,2016,12
Honda,1832,2016,12
Jaguar,359,2016,12
Mazda,6603,2016,12
Morgan,2,2016,12
Jeep,123,2016,12
Land Rover,444,2016,12
Subaru,2772,2016,12
Maserati,8,2016,12
Cadillac,1,2016,12
Ford USA,41,2016,12
Ferrari,2,2016,12
Bentley,3,2016,12
Aston Martin,3,2016,12
Tesla,71,2015,1
Renault,127,2015,1
Volkswagen,2057,2015,1
Mitsubishi,502,2015,1
Nissan,848,2015,1
Peugeot,373,2015,1
Kia,315,2015,1
Fiat,15,2015,1
BMW,649,2015,1
Toyota,1372,2015,1
Lexus,137,2015,1
MINI,62,2015,1
Audi,302,2015,1
Hyundai,283,2015,1
Alfa Romeo,9,2015,1
Ford,593,2015,1
Suzuki,284,2015,1
Opel,273,2015,1
Skoda,473,2015,1
Mercedes-Benz,543,2015,1
Dacia,13,2015,1
Mazda,393,2015,1
Jeep,25,2015,1
Jaguar,8,2015,1
Subaru,95,2015,1
Porsche,28,2015,1
Land Rover,32,2015,1
Tesla,105,2016,1
Renault,250,2016,1
Smart,6,2016,1
Volkswagen,1743,2016,1
Nissan,673,2016,1
Mitsubishi,199,2016,1
Citroen,182,2016,1
BMW,1089,2016,1
Kia,216,2016,1
Peugeot,437,2016,1
Toyota,1106,2016,1
Audi,559,2016,1
Volvo,643,2016,1
DS,12,2016,1
Lexus,147,2016,1
MINI,67,2016,1
Ssangyong,8,2016,1
Fiat,5,2016,1
Opel,237,2016,1
Ford,746,2016,1
Skoda,528,2016,1
Hyundai,147,2016,1
Honda,135,2016,1
Porsche,60,2016,1
Dacia,1,2016,1
Jeep,4,2016,1
Mazda,621,2016,1
Jaguar,19,2016,1
Subaru,32,2016,1
Land Rover,35,2016,1
Ford USA,6,2016,1
Tesla,215,2018,1
Smart,14,2018,1
Renault,354,2018,1
BMW,1123,2018,1
Kia,383,2018,1
Hyundai,338,2018,1
MINI,69,2018,1
Volkswagen,1380,2018,1
Volvo,645,2018,1
Toyota,1153,2018,1
Nissan,223,2018,1
Audi,264,2018,1
Mercedes-Benz,305,2018,1
Opel,212,2018,1
Seat,13,2018,1
Citroen,168,2018,1
Peugeot,475,2018,1
Porsche,42,2018,1
Suzuki,289,2018,1
Lexus,42,2018,1
Ford,515,2018,1
Dacia,11,2018,1
Honda,68,2018,1
DS,2,2018,1
Skoda,397,2018,1
Ssangyong,8,2018,1
Mazda,237,2018,1
Subaru,70,2018,1
Jaguar,10,2018,1
Alfa Romeo,7,2018,1
Jeep,3,2018,1
Land Rover,38,2018,1
Maserati,1,2018,1
Tesla,218,2016,2
Smart,17,2016,2
Renault,361,2016,2
Mitsubishi,806,2016,2
Volkswagen,3787,2016,2
Citroen,346,2016,2
Kia,605,2016,2
BMW,1988,2016,2
Peugeot,865,2016,2
Audi,1090,2016,2
Toyota,2480,2016,2
Mercedes-Benz,1283,2016,2
DS,26,2016,2
Fiat,10,2016,2
Volvo,1375,2016,2
Lexus,242,2016,2
Alfa Romeo,2,2016,2
Ssangyong,16,2016,2
Dacia,22,2016,2
Suzuki,580,2016,2
Skoda,1281,2016,2
Ford,1499,2016,2
Honda,286,2016,2
Hyundai,268,2016,2
Mazda,1272,2016,2
Jeep,8,2016,2
Land Rover,75,2016,2
Ford USA,7,2016,2
Tesla,296,2018,2
Smart,25,2018,2
Renault,470,2018,2
Kia,717,2018,2
Hyundai,615,2018,2
BMW,2098,2018,2
Mitsubishi,400,2018,2
Volkswagen,2647,2018,2
MINI,142,2018,2
Volvo,1756,2018,2
Toyota,2239,2018,2
Mercedes-Benz,826,2018,2
Audi,608,2018,2
Peugeot,925,2018,2
Citroen,283,2018,2
Fiat,9,2018,2
Suzuki,483,2018,2
Opel,436,2018,2
Seat,29,2018,2
Lexus,95,2018,2
Ford,944,2018,2
Dacia,52,2018,2
Honda,152,2018,2
DS,2,2018,2
Skoda,1024,2018,2
Porsche,105,2018,2
Ssangyong,11,2018,2
Mazda,543,2018,2
Jaguar,35,2018,2
Subaru,191,2018,2
Jeep,4,2018,2
Alfa Romeo,19,2018,2
Land Rover,64,2018,2
Maserati,1,2018,2
Tesla,705,2016,3
Smart,23,2016,3
Renault,814,2016,3
Nissan,2620,2016,3
Mitsubishi,1631,2016,3
Volkswagen,6022,2016,3
Kia,972,2016,3
Citroen,501,2016,3
BMW,2921,2016,3
Peugeot,1270,2016,3
Audi,1633,2016,3
Fiat,27,2016,3
Mercedes-Benz,2095,2016,3
DS,63,2016,3
Lexus,316,2016,3
Volvo,2062,2016,3
Alfa Romeo,5,2016,3
MINI,172,2016,3
Opel,790,2016,3
Dacia,46,2016,3
Ssangyong,21,2016,3
Skoda,1943,2016,3
Suzuki,872,2016,3
Hyundai,427,2016,3
Honda,468,2016,3
Jaguar,43,2016,3
Mazda,1822,2016,3
Porsche,124,2016,3
Jeep,16,2016,3
Subaru,300,2016,3
Land Rover,108,2016,3
Aston Martin,2,2016,3
Smart,40,2018,3
Nissan,3464,2018,3
Mitsubishi,975,2018,3
Volkswagen,4e3,2018,3
Volvo,2995,2018,3
Suzuki,664,2018,3
Lexus,179,2018,3
DS,6,2018,3
Ssangyong,17,2018,3
Alfa Romeo,46,2018,3
Jeep,18,2018,3
Cadillac,1,2018,3
Lamborghini,2,2018,3
Nissan,3515,2014,4
Citroen,789,2014,4
Smart,4,2014,4
Renault,517,2014,4
Peugeot,2290,2014,4
BMW,3777,2014,4
Volkswagen,6354,2014,4
Toyota,5515,2014,4
Skoda,2302,2014,4
MINI,285,2014,4
Ford,2627,2014,4
Kia,1262,2014,4
Volvo,3108,2014,4
Dacia,52,2014,4
Mazda,1927,2014,4
Hyundai,823,2014,4
Alfa Romeo,26,2014,4
Audi,2450,2014,4
Opel,1117,2014,4
Chevrolet,181,2014,4
MercedesBenz,2087,2014,4
Honda,690,2014,4
Subaru,836,2014,4
Jaguar,22,2014,4
Land Rover,282,2014,4
Nilsson,4,2014,4
Jeep,25,2014,4
Ford USA,1,2014,4
Tesla,801,2016,4
Smart,34,2016,4
Renault,1139,2016,4
Nissan,3402,2016,4
Mitsubishi,2261,2016,4
Volkswagen,9039,2016,4
Kia,1348,2016,4
BMW,3973,2016,4
Citroen,647,2016,4
Peugeot,1753,2016,4
Toyota,5449,2016,4
Audi,2318,2016,4
Fiat,41,2016,4
Mercedes-Benz,2751,2016,4
DS,112,2016,4
Lexus,387,2016,4
Alfa Romeo,8,2016,4
Volvo,2810,2016,4
MINI,225,2016,4
Dacia,74,2016,4
Ssangyong,27,2016,4
Opel,1142,2016,4
Hyundai,639,2016,4
Ford,2923,2016,4
Skoda,2728,2016,4
Suzuki,1124,2016,4
Honda,654,2016,4
Mazda,2386,2016,4
Jeep,20,2016,4
Porsche,173,2016,4
Subaru,579,2016,4
Land Rover,140,2016,4
Ford USA,15,2016,4
Aston Martin,2,2016,4
Tesla,2415,2018,4
Chevrolet,5,2018,4
Kia,1530,2018,4
Hyundai,1316,2018,4
BMW,4238,2018,4
Mitsubishi,1263,2018,4
Volkswagen,5969,2018,4
Volvo,4296,2018,4
MINI,319,2018,4
Toyota,4707,2018,4
Audi,1613,2018,4
Opel,999,2018,4
Fiat,23,2018,4
Peugeot,1868,2018,4
Citroen,675,2018,4
Suzuki,860,2018,4
Lexus,247,2018,4
Ford,2071,2018,4
Seat,46,2018,4
DS,15,2018,4
Honda,356,2018,4
Skoda,2418,2018,4
Ssangyong,18,2018,4
Porsche,220,2018,4
Mazda,1251,2018,4
Jaguar,90,2018,4
Alfa Romeo,65,2018,4
Subaru,597,2018,4
Land Rover,117,2018,4
Iveco,1,2018,4
Maserati,7,2018,4
Ferrari,1,2018,4
Cadillac,1,2018,4
Aston Martin,2,2018,4
Lamborghini,2,2018,4
Tesla,2600,2014,5
Nissan,4281,2014,5
Smart,5,2014,5
Citroen,1077,2014,5
Mitsubishi,2338,2014,5
Peugeot,2764,2014,5
Renault,633,2014,5
Volkswagen,8070,2014,5
Lexus,248,2014,5
Fiat,184,2014,5
Toyota,6973,2014,5
Skoda,2994,2014,5
MINI,357,2014,5
Ford,3253,2014,5
Kia,1688,2014,5
Suzuki,1394,2014,5
Volvo,3967,2014,5
Dacia,70,2014,5
Hyundai,1093,2014,5
Alfa Romeo,34,2014,5
Mazda,2502,2014,5
Opel,1392,2014,5
Honda,925,2014,5
Chevrolet,210,2014,5
Subaru,995,2014,5
Morgan,1,2014,5
Porsche,160,2014,5
Nilsson,9,2014,5
Tesla,957,2016,5
Smart,40,2016,5
Renault,1299,2016,5
Nissan,3994,2016,5
lvlitsubishi,2920,2016,5
Volkswagen,11256,2016,5
BlVlW,4805,2016,5
Citroen,802,2016,5
Kia,1697,2016,5
Toyota,7136,2016,5
Peugeot,2157,2016,5
lVlercedes-Benz,3620,2016,5
Audi,2858,2016,5
Fiat,48,2016,5
DS,131,2016,5
Lexus,460,2016,5
Volvo,3429,2016,5
lvllNl,305,2016,5
Hyundai,876,2016,5
Dacia,92,2016,5
Opel,1539,2016,5
Ssangyong,28,2016,5
Ford,3668,2016,5
Skoda,3450,2016,5
Suzuki,1356,2016,5
Honda,812,2016,5
Jaguar,99,2016,5
lV'lazda,2951,2016,5
lVlorgan,1,2016,5
Jeep,26,2016,5
Porsche,215,2016,5
Subaru,797,2016,5
Land Rover,178,2016,5
Ford USA,21,2016,5
Cadillac,1,2016,5
Ferrari,1,2016,5
Aston lvlartin,2,2016,5
Tesla,2934,2018,5
Smart,77,2018,5
Chevrolet,7,2018,5
Nissan,5437,2018,5
Renault,1445,2018,5
LEVC,1,2018,5
Hyundai,1609,2018,5
Kia,1966,2018,5
BMW,5223,2018,5
Mitsubishi,1669,2018,5
Volkswagen,7898,2018,5
Volvo,5141,2018,5
MINI,376,2018,5
Toyota,6346,2018,5
Audi,2220,2018,5
Opel,1343,2018,5
Citroen,825,2018,5
Fiat,27,2018,5
Peuge ot,2424,2018,5
Suzuki,1097,2018,5
Lexus,322,2018,5
Ford,2609,2018,5
Dacia,136,2018,5
Seat,79,2018,5
DS,29,2018,5
Honda,426,2018,5
Ssangyong,20,2018,5
Jaguar,119,2018,5
Porsche,269,2018,5
Mazda,1645,2018,5
Alfa Romeo,97,2018,5
Subaru,707,2018,5
Jeep,37,2018,5
Land Rover,148,2018,5
Nilsson,2,2018,5
Iveco,1,2018,5
Maserati,9,2018,5
McLaren,1,2018,5
Ferrari,1,2018,5
Aston Martin,3,2018,5
Lamborghini,2,2018,5
Tesla,3136,2014,6
Nissan,4868,2014,6
Smart,6,2014,6
Citroen,1380,2014,6
Mitsubishi,2737,2014,6
Renault,753,2014,6
Volkswagen,9688,2014,6
Peugeot,3279,2014,6
Lexus,287,2014,6
BMW,5154,2014,6
Fiat,219,2014,6
Toyota,8279,2014,6
Skoda,3571,2014,6
Ford,4040,2014,6
MINI,435,2014,6
Suzuki,1561,2014,6
Volvo,4819,2014,6
Kia,2063,2014,6
Dacia,80,2014,6
Hyundai,1316,2014,6
Alfa Romeo,38,2014,6
Mazda,2993,2014,6
Opel,1633,2014,6
Honda,1154,2014,6
Chevrolet,239,2014,6
Mercedes-Benz,3091,2014,6
Subaru,1142,2014,6
Jaguar,28,2014,6
Jeep,77,2014,6
Land Rover,350,2014,6
Porsche,209,2014,6
Nilsson,9,2014,6
Tesla,1248,2016,6
Smart,45,2016,6
Renault,1789,2016,6
Nissan,4634,2016,6
Mitsubishi,3618,2016,6
Volkswagen,13543,2016,6
Kia,2070,2016,6
BMW,5613,2016,6
Toyota,8739,2016,6
Mercedes-Benz,4437,2016,6
Peugeot,2557,2016,6
Audi,3409,2016,6
Fiat,53,2016,6
DS,149,2016,6
Lexus,534,2016,6
Volvo,4195,2016,6
MINI,432,2016,6
Dacia,119,2016,6
Hyundai,1075,2016,6
Opel,1928,2016,6
Ssangyong,33,2016,6
Skoda,4171,2016,6
Ford,4513,2016,6
Honda,1001,2016,6
Jaguar,145,2016,6
Mazda,3562,2016,6
Jeep,30,2016,6
Subaru,1072,2016,6
Porsche,255,2016,6
Land Rover,228,2016,6
Cadillac,1,2016,6
Ford USA,30,2016,6
Bentley,1,2016,6
Aston Martin,3,2016,6
Tesla,4046,2018,6
Chevrolet,13,2018,6
Nissan,6783,2018,6
Renault,1757,2018,6
Kia,2356,2018,6
BMW,6677,2018,6
Mitsubishi,2345,2018,6
Chrysler,1,2018,6
Volkswagen,10136,2018,6
Volvo,6181,2018,6
MINI,480,2018,6
Toyota,7907,2018,6
Mercedes-Benz,4039,2018,6
Audi,2804,2018,6
Opel,1723,2018,6
Fiat,40,2018,6
Peugeot,2935,2018,6
Suzuki,1386,2018,6
Ford,3152,2018,6
Dacia,168,2018,6
DS,39,2018,6
Honda,496,2018,6
Skoda,3803,2018,6
SsangYong,23,2018,6
Jaguar,144,2018,6
Mazda,2023,2018,6
Alfa Romeo,171,2018,6
Land Rover,181,2018,6
Subaru,858,2018,6
Jeep,48,2018,6
Nilsson,2,2018,6
Iveco,1,2018,6
Maserati,10,2018,6
Alpina,1,2018,6
McLaren,1,2018,6
Ferrari,1,2018,6
Aston Martin,4,2018,6
Cadillac,1,2018,6
Lamborghini,2,2018,6
Tesla,3250,2014,7
Tazzari,2,2014,7
Nissan,5545,2014,7
Smart,7,2014,7
Citroen,1575,2014,7
Renault,883,2014,7
Mitsubishi,3175,2014,7
Volkswagen,11883,2014,7
Lexus,330,2014,7
BMW,5824,2014,7
Fiat,248,2014,7
Toyota,9549,2014,7
Ford,4685,2014,7
MINI,514,2014,7
Skoda,4203,2014,7
Volvo,5749,2014,7
Suzuki,1780,2014,7
Kia,2460,2014,7
Dacia,94,2014,7
Alfa Romeo,50,2014,7
Hyundai,1475,2014,7
Audi,4328,2014,7
Mazda,3558,2014,7
Opel,1872,2014,7
Chevrolet,276,2014,7
Honda,1292,2014,7
Mercedes-Benz,3630,2014,7
Subaru,1319,2014,7
Jeep,106,2014,7
Morgan,1,2014,7
Porsche,243,2014,7
Land Rover,379,2014,7
Nilsson,9,2014,7
Tesla,1314,2016,7
Smart,46,2016,7
Renault,1917,2016,7
Nissan,5224,2016,7
Mitsubishi,4259,2016,7
Volkswagen,15614,2016,7
Kia,2409,2016,7
Citroen,1094,2016,7
BMW,6249,2016,7
Toyota,9866,2016,7
Mercedes-Benz,5043,2016,7
Peugeot,2871,2016,7
Audi,4096,2016,7
Fiat,56,2016,7
DS,169,2016,7
Lexus,623,2016,7
Volvo,4830,2016,7
MINI,529,2016,7
Dacia,127,2016,7
Opel,2239,2016,7
Alfa Romeo,12,2016,7
Skoda,4773,2016,7
Hyundai,1304,2016,7
Ssangyong,42,2016,7
Suzuki,1754,2016,7
Jaguar,168,2016,7
Mazda,4051,2016,7
Morgan,2,2016,7
Jeep,38,2016,7
Subaru,1273,2016,7
Land Rover,252,2016,7
Porsche,282,2016,7
Ford USA,37,2016,7
Maserati,1,2016,7
Ferrari,2,2016,7
Bentley,2,2016,7
Aston Martin,3,2016,7
Tesla,1652,2016,8
Smart,47,2016,8
Renault,2051,2016,8
Nissan,5851,2016,8
Mitsubishi,4758,2016,8
Volkswagen,17973,2016,8
Kia,2810,2016,8
BMW,7280,2016,8
Citroen,1256,2016,8
Mercedes-Benz,5922,2016,8
Toyota,11690,2016,8
Peugeot,3332,2016,8
Fiat,75,2016,8
Audi,4890,2016,8
DS,179,2016,8
Lexus,765,2016,8
Volvo,5293,2016,8
MINI,607,2016,8
Dacia,167,2016,8
Opel,2521,2016,8
Hyundai,1469,2016,8
Skoda,5302,2016,8
Ssangyong,50,2016,8
Alfa Romeo,18,2016,8
Ford,5641,2016,8
Suzuki,1983,2016,8
Honda,1347,2016,8
Jaguar,210,2016,8
Mazda,4569,2016,8
Morgan,2,2016,8
Jeep,51,2016,8
Porsche,320,2016,8
Land Rover,287,2016,8
Ford USA,37,2016,8
Maserati,3,2016,8
Cadillac,1,2016,8
Ferrari,2,2016,8
Bentley,3,2016,8
Aston Martin,3,2016,8
Tesla,3537,2014,9
Tazzari,2,2014,9
Nissan,7004,2014,9
Citroen,1980,2014,9
Renault,1124,2014,9
Volkswagen,15655,2014,9
Mitsubishi,4118,2014,9
Peugeot,4921,2014,9
Lexus,475,2014,9
Fiat,303,2014,9
Toyota,12245,2014,9
Ford,5886,2014,9
MINI,694,2014,9
Kia,3199,2014,9
Volvo,7264,2014,9
Suzuki,2232,2014,9
Alfa Romeo,73,2014,9
Dacia,109,2014,9
Hyundai,1829,2014,9
Opel,2316,2014,9
Mercedes-Benz,4563,2014,9
Honda,1625,2014,9
Chevrolet,343,2014,9
Subaru,1792,2014,9
Jeep,148,2014,9
Jaguar,40,2014,9
Morgan,2,2014,9
Porsche,295,2014,9
Nilsson,9,2014,9
Tesla,2500,2016,9
Smart,51,2016,9
Renault,2307,2016,9
Nissan,6311,2016,9
Mitsubishi,5319,2016,9
Volkswagen,20057,2016,9
BMW,8473,2016,9
Kia,3228,2016,9
Mercedes-Benz,6811,2016,9
Citroen,1405,2016,9
Peugeot,3686,2016,9
Audi,5578,2016,9
DS,183,2016,9
Lexus,906,2016,9
Volvo,6056,2016,9
MINI,655,2016,9
Alfa Romeo,33,2016,9
Hyundai,1696,2016,9
Dacia,180,2016,9
Opel,2770,2016,9
Skoda,5955,2016,9
Ford,6336,2016,9
Ssangyong,59,2016,9
Suzuki,2224,2016,9
Honda,1495,2016,9
Jaguar,254,2016,9
Mazda,5118,2016,9
Morgan,2,2016,9
Jeep,56,2016,9
Subaru,1768,2016,9
Land Rover,332,2016,9
Porsche,346,2016,9
Maserati,3,2016,9
Cadillac,1,2016,9
Ford USA,39,2016,9
Ferrari,2,2016,9
Bentley,3,2016,9
Aston Martin,3,2016,9
Tesla,5009,2017,10
Smart,94,2017,10
Renault,2701,2017,10
Hyundai,3091,2017,10
Mitsubishi,3960,2017,10
Nissan,5767,2017,10
BMW,10786,2017,10
Volkswagen,19803,2017,10
Kia,3726,2017,10
Mercedes-Benz,8959,2017,10
MINI,769,2017,10
Opel,3241,2017,10
Toyota,15281,2017,10
Audi,6138,2017,10
Volvo,8873,2017,10
Citroen,1798,2017,10
Peugeot,4397,2017,10
Fiat,126,2017,10
DS,91,2017,10
Lexus,824,2017,10
Suzuki,2766,2017,10
Dacia,94,2017,10
Ford,5524,2017,10
Ssangyong,40,2017,10
Honda,1083,2017,10
Skoda,7436,2017,10
Porsche,519,2017,10
Mazda,3580,2017,10
Jaguar,221,2017,10
Alfa Romeo,159,2017,10
Nilsson,25,2017,10
Subaru,1484,2017,10
Land Rover,315,2017,10
Morgan,3,2017,10
Maserati,26,2017,10
Ferrari,7,2017,10
Chevrolet,2,2017,10
Aston Martin,9,2017,10
Tesla,6005,2017,11
Smart,125,2017,11
Renault,2986,2017,11
Hyundai,3460,2017,11
Mitsubishi,4433,2017,11
Nissan,6149,2017,11
BMW,11974,2017,11
Volkswagen,21439,2017,11
Kia,4261,2017,11
MINI,872,2017,11
Opel,3590,2017,11
Toyota,16849,2017,11
Volvo,10035,2017,11
Audi,6876,2017,11
Citroen,1920,2017,11
Peugeot,4959,2017,11
Fiat,130,2017,11
Lexus,907,2017,11
Suzuki,3007,2017,11
Dacia,102,2017,11
Ssangyong,46,2017,11
Honda,1179,2017,11
Skoda,8276,2017,11
Porsche,586,2017,11
Mazda,3832,2017,11
Alfa Romeo,183,2017,11
Jaguar,255,2017,11
Nilsson,28,2017,11
Subaru,1742,2017,11
Jeep,38,2017,11
Land Rover,363,2017,11
Morgan,3,2017,11
Maserati,29,2017,11
Ferrari,7,2017,11
Chevrolet,2,2017,11
Aston Martin,9,2017,11
Tesla,8460,2017,12
Smart,142,2017,12
Renault,3503,2017,12
Hyundai,3787,2017,12
Mitsubishi,5004,2017,12
Nissan,6365,2017,12
BMW,13119,2017,12
Volkswagen,23204,2017,12
Kia,4653,2017,12
Mercedes-Benz,10537,2017,12
MINI,990,2017,12
Volvo,11748,2017,12
Toyota,17980,2017,12
Opel,3987,2017,12
Audi,7673,2017,12
Citroen,2040,2017,12
Peugeot,5267,2017,12
Fiat,172,2017,12
DS,93,2017,12
Lexus,1003,2017,12
Suzuki,3242,2017,12
Dacia,110,2017,12
Ssangyong,47,2017,12
Honda,1250,2017,12
Porsche,684,2017,12
Skoda,9042,2017,12
Alfa Romeo,236,2017,12
Mazda,4278,2017,12
Jaguar,299,2017,12
Seat,13,2017,12
Nilsson,31,2017,12
Subaru,2246,2017,12
Jeep,48,2017,12
Land Rover,406,2017,12
Morgan,3,2017,12
Maserati,32,2017,12
McLaren,1,2017,12
Chevrolet,2,2017,12
Ferrari,8,2017,12
Bentley,1,2017,12
Tesla,367,2017,1
Renault,306,2017,1
Hyundai,349,2017,1
Nissan,615,2017,1
Mitsubishi,216,2017,1
BMW,1540,2017,1
Volkswagen,1688,2017,1
Kia,422,2017,1
Mercedes-Benz,970,2017,1
Volvo,1158,2017,1
Fiat,3,2017,1
Audi,565,2017,1
Smart,1,2017,1
Toyota,1526,2017,1
Citroen,163,2017,1
Peugeot,571,2017,1
DS,9,2017,1
Lexus,98,2017,1
MINI,65,2017,1
Ford,616,2017,1
Skoda,681,2017,1
Suzuki,352,2017,1
Opel,191,2017,1
Honda,101,2017,1
Ssangyong,1,2017,1
Alfa Romeo,6,2017,1
Mazda,284,2017,1
Jaguar,27,2017,1
Subaru,39,2017,1
Porsche,91,2017,1
Land Rover,18,2017,1
Ford USA,1,2017,1
Maserati,2,2017,1
Tesla,465,2017,2
Renault,647,2017,2
Nissan,1258,2017,2
Mitsubishi,684,2017,2
BMW,2642,2017,2
Hyundai,551,2017,2
Volkswagen,3466,2017,2
Mercedes-Benz,1723,2017,2
Audi,1051,2017,2
Smart,1,2017,2
Toyota,2872,2017,2
Volvo,2049,2017,2
Citroen,356,2017,2
Peugeot,1035,2017,2
DS,17,2017,2
Lexus,165,2017,2
Dacia,20,2017,2
Ford,1283,2017,2
Honda,198,2017,2
Ssangyong,2,2017,2
Skoda,1177,2017,2
Opel,421,2017,2
Alfa Romeo,14,2017,2
Mazda,665,2017,2
Jaguar,53,2017,2
Porsche,116,2017,2
Jeep,2,2017,2
Subaru,148,2017,2
Land Rover,37,2017,2
Ford USA,2,2017,2
Maserati,4,2017,2
Tesla,1208,2017,3
Renault,1111,2017,3
Nissan,2146,2017,3
Hyundai,965,2017,3
BlV'IW,3692,2017,3
Volkswagen,5043,2017,3
ivlercedes-Benz,2648,2017,3
Kia,1219,2017,3
Toyota,4576,2017,3
Smart,3,2017,3
Volvo,2999,2017,3
Fiat,32,2017,3
Citroen,543,2017,3
Peugeot,1407,2017,3
Lexus,250,2017,3
ivllNl,177,2017,3
Dacia,31,2017,3
Suzuki,972,2017,3
Ssangyong,5,2017,3
Ford,1787,2017,3
Honda,339,2017,3
Skoda,1848,2017,3
Opel,703,2017,3
Alfa Romeo,23,2017,3
Ivlazda,1086,2017,3
Jaguar,74,2017,3
Porsche,155,2017,3
Nilsson,3,2017,3
Subaru,306,2017,3
Jeep,4,2017,3
Land Rover,81,2017,3
lvlaserati,7,2017,3
Ferrari,2,2017,3
Aston lvlartin,2,2017,3
Tesla,1509,2017,5
Renault,1438,2017,5
Nissan,3223,2017,5
Ivlitsubishi,1844,2017,5
Hyundai,1549,2017,5
BlVlW,5853,2017,5
Volkswagen,9237,2017,5
lvlercedes-Benz,4500,2017,5
Kia,1756,2017,5
Toyota,7789,2017,5
Smart,3,2017,5
Audi,3026,2017,5
Citroen,994,2017,5
Opel,1337,2017,5
Fiat,62,2017,5
Peugeot,2187,2017,5
Volvo,4863,2017,5
DS,27,2017,5
Lexus,364,2017,5
iVllNl,272,2017,5
Suzuki,1476,2017,5
Dacia,45,2017,5
Ssangyong,13,2017,5
Ford,2898,2017,5
Honda,573,2017,5
Skoda,3722,2017,5
I'Vlazda,1848,2017,5
Jaguar,111,2017,5
Alfa Romeo,61,2017,5
Porsche,270,2017,5
Nilsson,9,2017,5
Subaru,687,2017,5
Jeep,6,2017,5
Land Rover,148,2017,5
I'vlaserati,14,2017,5
Ferrari,5,2017,5
Chevrolet,2,2017,5
Aston lvlartin,6,2017,5
Tesla,2360,2017,6
Renault,1956,2017,6
Nissan,3887,2017,6
Mitsubishi,2282,2017,6
Hyundai,1916,2017,6
BMW,6889,2017,6
Volkswagen,11455,2017,6
Mercedes-Benz,5599,2017,6
Kia,2146,2017,6
Opel,1957,2017,6
Toyota,9167,2017,6
Audi,3602,2017,6
Citroen,1132,2017,6
Peugeot,2624,2017,6
Volvo,5558,2017,6
DS,42,2017,6
MINI,329,2017,6
Lexus,441,2017,6
Dacia,57,2017,6
Ssangyong,22,2017,6
Ford,3490,2017,6
Honda,675,2017,6
Skoda,4659,2017,6
Mazda,2267,2017,6
Jaguar,137,2017,6
Alfa Romeo,82,2017,6
Porsche,321,2017,6
Nilsson,14,2017,6
Subaru,820,2017,6
Jeep,8,2017,6
Land Rover,179,2017,6
Maserati,20,2017,6
Ferrari,5,2017,6
Chevrolet,2,2017,6
Aston Martin,9,2017,6
Tesla,2520,2017,7
Smart,30,2017,7
Renault,2269,2017,7
Nissan,4436,2017,7
Mitsubishi,2649,2017,7
Hyundai,2176,2017,7
BMW,7667,2017,7
Volkswagen,12895,2017,7
Mercedes-Benz,6477,2017,7
Opel,2333,2017,7
Kia,2548,2017,7
Toyota,10769,2017,7
Audi,4162,2017,7
MINI,409,2017,7
Citroen,1348,2017,7
Volvo,6201,2017,7
Peugeot,3051,2017,7
Fiat,87,2017,7
DS,68,2017,7
Lexus,517,2017,7
Suzuki,2013,2017,7
Dacia,70,2017,7
Ssangyong,22,2017,7
Ford,4038,2017,7
Honda,742,2017,7
Skoda,5366,2017,7
Mazda,2673,2017,7
Porsche,386,2017,7
Jaguar,150,2017,7
Morgan,1,2017,7
Nilsson,15,2017,7
Subaru,979,2017,7
Jeep,10,2017,7
Maserati,22,2017,7
Chevrolet,2,2017,7
Ferrari,6,2017,7
Smart,44,2017,8
Renault,2507,2017,8
Nissan,4908,2017,8
Hyundai,2486,2017,8
Mitsubishi,3091,2017,8
BMW,8832,2017,8
Volkswagen,15303,2017,8
Kia,2987,2017,8
Mercedes-Benz,7480,2017,8
Opel,2668,2017,8
Toyota,12303,2017,8
MINI,519,2017,8
Audi,5013,2017,8
Citroen,1516,2017,8
Volvo,6916,2017,8
Peugeot,3595,2017,8
Fiat,106,2017,8
DS,74,2017,8
Lexus,616,2017,8
Dacia,82,2017,8
Ssangyong,28,2017,8
Ford,4502,2017,8
Honda,852,2017,8
Skoda,6054,2017,8
Porsche,453,2017,8
Mazda,3061,2017,8
Jaguar,172,2017,8
Alfa Romeo,126,2017,8
Nilsson,15,2017,8
Jeep,10,2017,8
Land Rover,238,2017,8
Morgan,3,2017,8
Maserati,23,2017,8
Ferrari,7,2017,8
Chevrolet,2,2017,8
Aston Martin,9,2017,8
Tesla,4717,2017,9
Amater Bil,1,2017,9
Smart,61,2017,9
Renault,2619,2017,9
Nissan,5266,2017,9
Mitsubishi,3472,2017,9
Hyundai,2809,2017,9
BMW,9704,2017,9
Volkswagen,17386,2017,9
Kia,3464,2017,9
Mercedes-Benz,8317,2017,9
Opel,2935,2017,9
MINI,643,2017,9
Toyota,13658,2017,9
Audi,5558,2017,9
Volvo,7876,2017,9
Citroen,1658,2017,9
Peugeot,3984,2017,9
Fiat,118,2017,9
Lexus,731,2017,9
Suzuki,2559,2017,9
Dacia,88,2017,9
Ssangyong,38,2017,9
Honda,969,2017,9
Porsche,489,2017,9
Mazda,3349,2017,9
Jaguar,198,2017,9
Alfa Romeo,146,2017,9
Nilsson,24,2017,9
Subaru,1343,2017,9
Jeep,14,2017,9
Land Rover,286,2017,9
Morgan,3,2017,9
Ferrari,7,2017,9
Chevrolet,2,2017,9
Tesla,3433,2014,8
Tazzari,2,2014,8
Smart,9,2014,8
Nissan,6295,2014,8
Citroen,1807,2014,8
Renault,1005,2014,8
Volkswagen,13948,2014,8
Mitsubishi,3632,2014,8
Peugeot,4353,2014,8
Lexus,383,2014,8
BMW,6640,2014,8
Fiat,284,2014,8
Toyota,10782,2014,8
MINI,596,2014,8
Ford,5289,2014,8
Skoda,4856,2014,8
Volvo,6363,2014,8
Suzuki,1973,2014,8
Alfa Romeo,65,2014,8
Dacia,102,2014,8
Hyundai,1618,2014,8
Audi,4903,2014,8
Opel,2056,2014,8
Honda,1434,2014,8
Mercedes-Benz,4068,2014,8
Chevrolet,302,2014,8
Subaru,1505,2014,8
Jeep,131,2014,8
Jaguar,36,2014,8
Morgan,2,2014,8
Porsche,272,2014,8
Land Rover,415,2014,8
Nilsson,9,2014,8
Ford USA,1,2014,8
Smart,94,2015,10
Renault,2201,2015,10
Volkswagen,22079,2015,10
Nissan,7631,2015,10
Mitsubishi,4438,2015,10
Citroen,1767,2015,10
Peugeot,4724,2015,10
BMW,7609,2015,10
Kia,3798,2015,10
Toyota,14048,2015,10
Mercedes-Benz,6074,2015,10
Audi,5602,2015,10
Fiat,206,2015,10
Lexus,965,2015,10
MINI,724,2015,10
Ford,6977,2015,10
Skoda,6204,2015,10
Alfa Romeo,40,2015,10
Suzuki,2684,2015,10
Opel,2721,2015,10
Volvo,7528,2015,10
Hyundai,2062,2015,10
Dacia,129,2015,10
Seat,2,2015,10
Jaguar,88,2015,10
Honda,1734,2015,10
Mazda,5373,2015,10
Jeep,208,2015,10
Chevrolet,3,2015,10
Subaru,2876,2015,10
Porsche,347,2015,10
Morgan,1,2015,10
Land Rover,474,2015,10
Lotus,1,2015,10
Ssangyong,4,2015,10
Iveco,1,2015,10
Lancia,2,2015,10
Aston Martin,3,2015,10
Tesla,1283,2017,4
Renault,1242,2017,4
Nissan,2646,2017,4
Mitsubishi,1437,2017,4
Hyundai,1277,2017,4
Mercedes-Benz,3401,2017,4
Kia,1444,2017,4
Toyota,5887,2017,4
Audi,2260,2017,4
Smart,3,2017,4
Fiat,46,2017,4
Citroen,726,2017,4
Volvo,3981,2017,4
Peugeot,1738,2017,4
DS,20,2017,4
Lexus,304,2017,4
MINI,209,2017,4
Dacia,36,2017,4
Ssangyong,11,2017,4
Ford,2333,2017,4
Honda,453,2017,4
Opel,906,2017,4
Skoda,2604,2017,4
Mazda,1453,2017,4
Jaguar,80,2017,4
Alfa Romeo,47,2017,4
Porsche,205,2017,4
Nilsson,7,2017,4
Subaru,496,2017,4
Jeep,5,2017,4
Ferrari,4,2017,4
Chevrolet,2,2017,4
Aston Martin,5,2017,4
Tesla,2,2012,1
Smart,3,2012,1
Nissan,673,2012,1
Lexus,94,2012,1
Citroen,239,2012,1
Fiat,41,2012,1
Renault,41,2012,1
Chevrolet,1,2012,1
Peugeot,493,2012,1
Toyota,1388,2012,1
Mazda,122,2012,1
MINI,86,2012,1
Volkswagen,1527,2012,1
Mitsubishi,406,2012,1
Ford,828,2012,1
Hyundai,312,2012,1
Kia,302,2012,1
Alfa Romeo,20,2012,1
Suzuki,250,2012,1
Skoda,430,2012,1
Opel,327,2012,1
Audi,789,2012,1
BMW,721,2012,1
Volvo,911,2012,1
Jaguar,1,2012,1
Mercedes-Benz,439,2012,1
Honda,58,2012,1
Subaru,168,2012,1
Saab,1,2012,1
Land Rover,69,2012,1
Ssangyong,4,2012,1
Jeep,19,2012,1
Porsche,46,2012,1
Cadillac,1,2012,1
Aston Martin,1,2012,1
Nissan,626,2013,1
Fiat,29,2013,1
Renault,57,2013,1
Toyota,1287,2013,1
Peugeot,639,2013,1
Citroen,274,2013,1
Lexus,44,2013,1
Chevrolet,40,2013,1
Ford,679,2013,1
MINI,86,2013,1
Volkswagen,1680,2013,1
Volvo,857,2013,1
Alfa Romeo,17,2013,1
Kia,444,2013,1
Opel,397,2013,1
Mitsubishi,601,2013,1
Skoda,388,2013,1
Suzuki,176,2013,1
Hyundai,321,2013,1
Dacia,28,2013,1
BMW,652,2013,1
Mazda,646,2013,1
Audi,597,2013,1
Mercedes-Benz,485,2013,1
Subaru,238,2013,1
Jaguar,14,2013,1
Honda,242,2013,1
Land Rover,45,2013,1
Nilsson,2,2013,1
Jeep,11,2013,1
Porsche,34,2013,1
Tesla,2,2012,2
Think,1,2012,2
Nissan,1287,2012,2
Smart,6,2012,2
Lexus,127,2012,2
Citroen,570,2012,2
Renault,101,2012,2
Peugeot,1020,2012,2
Fiat,87,2012,2
Chevrolet,3,2012,2
MINI,163,2012,2
Toyota,2853,2012,2
Mazda,266,2012,2
Mitsubishi,775,2012,2
Kia,726,2012,2
Ford,1690,2012,2
Volkswagen,2865,2012,2
Hyundai,797,2012,2
Opel,648,2012,2
Suzuki,421,2012,2
Skoda,973,2012,2
Alfa Romeo,47,2012,2
Audi,1430,2012,2
BMW,1319,2012,2
Dacia,1,2012,2
Volvo,1711,2012,2
Honda,203,2012,2
Mercedes-Benz,868,2012,2
Jaguar,4,2012,2
Subaru,480,2012,2
Land Rover,169,2012,2
Saab,3,2012,2
Ssangyong,7,2012,2
Jeep,40,2012,2
Porsche,66,2012,2
Cadillac,2,2012,2
Aston Martin,1,2012,2
Mia,3,2013,2
Think,2,2013,2
Nissan,1186,2013,2
Renault,89,2013,2
Toyota,2766,2013,2
Peugeot,1087,2013,2
Fiat,85,2013,2
Citroen,473,2013,2
Lexus,81,2013,2
Chevrolet,70,2013,2
Ford,1479,2013,2
Volkswagen,3272,2013,2
MINI,140,2013,2
Alfa Romeo,24,2013,2
Kia,885,2013,2
Volvo,1682,2013,2
Mitsubishi,1029,2013,2
Opel,705,2013,2
Skoda,869,2013,2
Suzuki,330,2013,2
Hyundai,630,2013,2
BMW,1185,2013,2
Mazda,1250,2013,2
Audi,1238,2013,2
Mercedes-Benz,1047,2013,2
Subaru,508,2013,2
Honda,574,2013,2
Jaguar,17,2013,2
Ssangyong,4,2013,2
Land Rover,98,2013,2
Nilsson,2,2013,2
Jeep,18,2013,2
Porsche,54,2013,2
Aston Martin,1,2013,2
Tesla,6,2012,3
Think,4,2012,3
Nissan,1956,2012,3
Smart,11,2012,3
Lexus,179,2012,3
Citroen,883,2012,3
Renault,166,2012,3
Peugeot,1504,2012,3
Chevrolet,5,2012,3
Fiat,167,2012,3
MINI,228,2012,3
Mitsubishi,1212,2012,3
Toyota,4687,2012,3
Ford,2945,2012,3
Kia,1137,2012,3
Mazda,458,2012,3
Volkswagen,4563,2012,3
Hyundai,1399,2012,3
Opel,1024,2012,3
Skoda,1504,2012,3
Suzuki,650,2012,3
Alfa Romeo,95,2012,3
Audi,2177,2012,3
Volvo,2838,2012,3
BMW,1991,2012,3
Dacia,1,2012,3
Mercedes-Benz,1385,2012,3
Honda,364,2012,3
Morgan,2,2012,3
Jaguar,21,2012,3
Subaru,795,2012,3
Land Rover,256,2012,3
Saab,4,2012,3
Ssangyong,12,2012,3
Jeep,60,2012,3
Porsche,86,2012,3
Cadillac,2,2012,3
Aston Martin,1,2012,3
Mia,3,2013,3
Think,2,2013,3
Tesla,1,2013,3
Fisker,1,2013,3
Nissan,1806,2013,3
Smart,8,2013,3
Renault,145,2013,3
Peugeot,1477,2013,3
Toyota,4067,2013,3
Citroen,660,2013,3
Chevrolet,98,2013,3
Ford,2145,2013,3
Alfa Romeo,33,2013,3
Volkswagen,4712,2013,3
Mitsubishi,1517,2013,3
Kia,1226,2013,3
Volvo,2508,2013,3
Skoda,1353,2013,3
Opel,1082,2013,3
Suzuki,499,2013,3
Dacia,69,2013,3
BMW,1658,2013,3
Mazda,1844,2013,3
Audi,1726,2013,3
Mercedes-Benz,1507,2013,3
Subaru,792,2013,3
Honda,872,2013,3
Ssangyong,9,2013,3
Land Rover,180,2013,3
Nilsson,4,2013,3
Jeep,22,2013,3
Porsche,78,2013,3
Aston Martin,1,2013,3
Tesla,10,2012,4
Think,6,2012,4
Mia electric,1,2012,4
Smart,14,2012,4
Nissan,2392,2012,4
Lexus,218,2012,4
Citroen,1087,2012,4
Peugeot,1869,2012,4
Renault,200,2012,4
Chevrolet,5,2012,4
Fiat,214,2012,4
Mitsubishi,1608,2012,4
MINI,295,2012,4
Toyota,6051,2012,4
Kia,1475,2012,4
Ford,3686,2012,4
Mazda,641,2012,4
Volkswagen,6666,2012,4
Hyundai,1791,2012,4
Opel,1325,2012,4
Skoda,2156,2012,4
Suzuki,764,2012,4
Alfa Romeo,114,2012,4
Audi,2880,2012,4
Dacia,2,2012,4
Volvo,3766,2012,4
BMW,2616,2012,4
Mercedes-Benz,1794,2012,4
Honda,448,2012,4
Jaguar,21,2012,4
Morgan,3,2012,4
Subaru,969,2012,4
Land Rover,321,2012,4
Saab,4,2012,4
Ssangyong,13,2012,4
Porsche,109,2012,4
Jeep,80,2012,4
Cadillac,2,2012,4
Aston Martin,2,2012,4
Mia,3,2013,4
Think,3,2013,4
Tesla,2,2013,4
Fisker,1,2013,4
Nissan,2620,2013,4
Smart,11,2013,4
Renault,225,2013,4
Fiat,209,2013,4
Lexus,152,2013,4
Peugeot,1921,2013,4
Citroen,939,2013,4
Toyota,5733,2013,4
Saab,1,2013,4
Chevrolet,133,2013,4
Ford,3095,2013,4
Volkswagen,6912,2013,4
MINI,294,2013,4
Alfa Romeo,46,2013,4
Mitsubishi,2164,2013,4
Kia,1670,2013,4
Volvo,3568,2013,4
Skoda,1978,2013,4
Opel,1545,2013,4
Hyundai,1553,2013,4
Suzuki,662,2013,4
Dacia,94,2013,4
BMW,2304,2013,4
Audi,2713,2013,4
Morgan,2,2013,4
Mazda,2258,2013,4
Mercedes-Benz,2212,2013,4
Subaru,1117,2013,4
Honda,1122,2013,4
Ssangyong,11,2013,4
Land Rover,209,2013,4
Nilsson,4,2013,4
Jeep,29,2013,4
Porsche,127,2013,4
Cadillac,2,2013,4
Aston Martin,2,2013,4
Tesla,13,2012,5
Think,7,2012,5
Smart,23,2012,5
Nissan,2981,2012,5
Lexus,269,2012,5
Citroen,1425,2012,5
Peugeot,2550,2012,5
Renault,257,2012,5
Chevrolet,7,2012,5
Fiat,265,2012,5
Mitsubishi,2085,2012,5
MINI,398,2012,5
Toyota,7559,2012,5
Ford,4704,2012,5
Kia,1930,2012,5
Hyundai,2474,2012,5
Volkswagen,8373,2012,5
Opel,1643,2012,5
Mazda,866,2012,5
Skoda,2625,2012,5
Volvo,4865,2012,5
Suzuki,962,2012,5
Alfa Romeo,141,2012,5
Audi,3705,2012,5
Dacia,2,2012,5
BMW,3286,2012,5
Mercedes-Benz,2240,2012,5
Honda,615,2012,5
Jaguar,24,2012,5
Morgan,3,2012,5
Subaru,1290,2012,5
Saab,6,2012,5
Land Rover,379,2012,5
Ssangyong,15,2012,5
Porsche,141,2012,5
Jeep,109,2012,5
Cadillac,3,2012,5
Aston Martin,2,2012,5
M ia,3,2013,5
Thin k,3,2013,5
TeSI a,2,2013,5
Fisker,1,2013,5
Nissan,3265,2013,5
Smart,12,2013,5
Renault,298,2013,5
Fiat,288,2013,5
Lexus,186,2013,5
Peugeot,2412,2013,5
Citroen,1163,2013,5
Toyota,7368,2013,5
Ford,4105,2013,5
M l N l,391,2013,5
Chevrolet,159,2013,5
Alfa Romeo,56,2013,5
Volksvvagen,8263,2013,5
Kia,2079,2013,5
Volvo,4506,2013,5
Skoda,2442,2013,5
Hyundai,2021,2013,5
Op el,1917,2013,5
Suzuki,814,2013,5
Dacia,109,2013,5
BMW,2986,2013,5
Audi,3412,2013,5
Mazda,2598,2013,5
MercedeS-Benz,2804,2013,5
Saab,2,2013,5
Subaru,1417,2013,5
H onda,1352,2013,5
Jag uar,41,2013,5
Ssang yong,14,2013,5
Land Rover,245,2013,5
Nilsson,5,2013,5
Jee p,36,2013,5
Porsch e,152,2013,5
Cadillac,2,2013,5
Dodge,1,2013,5
Aston Martin,2,2013,5
Tesla,18,2012,6
Think,8,2012,6
Mia,2,2012,6
Smart,27,2012,6
Nissan,3458,2012,6
Citroen,1772,2012,6
Lexus,304,2012,6
Peugeot,3066,2012,6
Renault,367,2012,6
Fiat,311,2012,6
Mitsubishi,2425,2012,6
MINI,454,2012,6
Toyota,8823,2012,6
Ford,5824,2012,6
Kia,2310,2012,6
Hyundai,2996,2012,6
Chevrolet,9,2012,6
Volkswagen,9842,2012,6
Mazda,1169,2012,6
Opel,1935,2012,6
Skoda,3198,2012,6
Suzuki,1099,2012,6
Alfa Romeo,157,2012,6
Volvo,5755,2012,6
Dacia,3,2012,6
Audi,4283,2012,6
BMW,3907,2012,6
Mercedes-Benz,2593,2012,6
Honda,806,2012,6
Subaru,1564,2012,6
Morgan,4,2012,6
Jaguar,28,2012,6
Saab,7,2012,6
Land Rover,431,2012,6
Ssangyong,19,2012,6
Porsche,171,2012,6
Jeep,126,2012,6
Cadillac,3,2012,6
Aston Martin,2,2012,6
Think,4,2013,6
Mia,3,2013,6
Tesla,2,2013,6
Fisker,1,2013,6
Nissan,3898,2013,6
Smart,13,2013,6
Renault,342,2013,6
Fiat,385,2013,6
Lexus,221,2013,6
Peugeot,2783,2013,6
Citroen,1413,2013,6
Toyota,8818,2013,6
Ford,5189,2013,6
MINI,463,2013,6
Alfa Romeo,77,2013,6
Volkswagen,9741,2013,6
Mitsubishi,3319,2013,6
Kia,2427,2013,6
Chevrolet,226,2013,6
Volvo,5198,2013,6
Skoda,2876,2013,6
Hyundai,2505,2013,6
Opel,2162,2013,6
Dacia,121,2013,6
BMW,3460,2013,6
Suzuki,962,2013,6
Audi,8991,2013,6
Mazda,3061,2013,6
Morgan,2,2013,6
Mercedes-Benz,3143,2013,6
Saab,2,2013,6
Subaru,1698,2013,6
Honda,1575,2013,6
Jaguar,45,2013,6
Ssangyong,15,2013,6
Land Rover,274,2013,6
Nilsson,9,2013,6
Jeep,38,2013,6
Porsche,169,2013,6
Cadillac,2,2013,6
Dodge,1,2013,6
Aston Martin,2,2013,6
Tesla,21,2012,7
Think,9,2012,7
Mia,3,2012,7
Smart,28,2012,7
Nissan,4053,2012,7
Citroen,2058,2012,7
Lexus,348,2012,7
Peugeot,3578,2012,7
Renault,433,2012,7
Fiat,379,2012,7
Mitsubishi,2799,2012,7
MINI,500,2012,7
Toyota,10165,2012,7
Ford,6665,2012,7
Kia,2714,2012,7
Chevrolet,10,2012,7
Hyundai,3474,2012,7
Volkswagen,11862,2012,7
Opel,2251,2012,7
Mazda,1488,2012,7
Skoda,3979,2012,7
Alfa Romeo,174,2012,7
Volvo,6671,2012,7
Suzuki,1234,2012,7
Dacia,3,2012,7
Audi,5119,2012,7
BMW,4443,2012,7
Mercedes-Benz,2971,2012,7
Honda,911,2012,7
Subaru,1935,2012,7
Morgan,4,2012,7
Jaguar,29,2012,7
Saab,9,2012,7
Land Rover,478,2012,7
Ssangyong,24,2012,7
Porsche,209,2012,7
Jeep,141,2012,7
Isuzu,3,2012,7
Cadillac,3,2012,7
Aston Martin,3,2012,7
Tesla,7,2013,7
Think,4,2013,7
Mia,3,2013,7
Fisker,1,2013,7
Nissan,4546,2013,7
Smart,16,2013,7
Renault,433,2013,7
Lexus,274,2013,7
Fiat,437,2013,7
Peugeot,3144,2013,7
Citroen,1625,2013,7
Toyota,10423,2013,7
MINI,542,2013,7
Ford,6014,2013,7
Volkswagen,11296,2013,7
Alfa Romeo,95,2013,7
Mitsubishi,3774,2013,7
Kia,2840,2013,7
Volvo,6099,2013,7
Skoda,3378,2013,7
Chevrolet,280,2013,7
Hyundai,2849,2013,7
Opel,2382,2013,7
Dacia,135,2013,7
BMW,3973,2013,7
Suzuki,1076,2013,7
Audi,4678,2013,7
Mazda,3705,2013,7
Mercedes-Benz,3561,2013,7
Saab,2,2013,7
Morgan,4,2013,7
Subaru,1999,2013,7
Honda,1696,2013,7
Jaguar,48,2013,7
Ssangyong,16,2013,7
Land Rover,300,2013,7
Nilsson,9,2013,7
Jeep,43,2013,7
Porsche,212,2013,7
Cadillac,2,2013,7
Dodge,1,2013,7
Aston Martin,3,2013,7
Tesla,24,2012,8
Think,14,2012,8
Mia,8,2012,8
Smart,37,2012,8
Nissan,4606,2012,8
Citroen,2406,2012,8
Lexus,390,2012,8
Peugeot,4235,2012,8
Renault,492,2012,8
Fiat,448,2012,8
Toyota,11712,2012,8
MINI,561,2012,8
Mitsubishi,3140,2012,8
Ford,7576,2012,8
Kia,3178,2012,8
Chevrolet,11,2012,8
Hyundai,3906,2012,8
Volkswagen,13735,2012,8
Opel,2517,2012,8
Mazda,1736,2012,8
Alfa Romeo,213,2012,8
Volvo,7280,2012,8
Skoda,4622,2012,8
Suzuki,1398,2012,8
Dacia,3,2012,8
Audi,5886,2012,8
BMW,5022,2012,8
Mercedes-Benz,3428,2012,8
Honda,1073,2012,8
Subaru,2296,2012,8
Morgan,4,2012,8
Jaguar,33,2012,8
Saab,10,2012,8
Land Rover,527,2012,8
Ssangyong,26,2012,8
Porsche,243,2012,8
Jeep,162,2012,8
Isuzu,3,2012,8
Iveco,1,2012,8
Cadillac,3,2012,8
Aston Martin,3,2012,8
Tesla,192,2013,8
Think,4,2013,8
Mia,3,2013,8
Nissan,5271,2013,8
Smart,17,2013,8
Renault,552,2013,8
Lexus,343,2013,8
Fiat,487,2013,8
Peugeot,3707,2013,8
Citroen,1790,2013,8
Toyota,12087,2013,8
MINI,630,2013,8
Ford,6911,2013,8
Volkswagen,12847,2013,8
Mitsubishi,4161,2013,8
Kia,3242,2013,8
Alfa Romeo,116,2013,8
Volvo,6680,2013,8
Skoda,3921,2013,8
Chevrolet,344,2013,8
Hyundai,3192,2013,8
Opel,2620,2013,8
Dacia,148,2013,8
BMW,4593,2013,8
Suzuki,1198,2013,8
Audi,5323,2013,8
Mazda,4333,2013,8
Mercedes-Benz,4074,2013,8
Saab,2,2013,8
Morgan,4,2013,8
Subaru,2207,2013,8
Honda,1878,2013,8
Jaguar,51,2013,8
Ssangyong,17,2013,8
Land Rover,328,2013,8
Nilsson,9,2013,8
Jeep,47,2013,8
Porsche,246,2013,8
Cadillac,2,2013,8
Dodge,1,2013,8
Aston Martin,3,2013,8
Tesla,27,2012,9
Think,17,2012,9
Mia,8,2012,9
Citroen,2795,2012,9
Nissan,5181,2012,9
Smart,42,2012,9
Lexus,415,2012,9
Peugeot,4725,2012,9
Renault,522,2012,9
Fiat,495,2012,9
Mitsubishi,3569,2012,9
Toyota,13099,2012,9
MINI,622,2012,9
Ford,8505,2012,9
Kia,3649,2012,9
Chevrolet,12,2012,9
Volkswagen,15180,2012,9
Hyundai,4305,2012,9
Opel,2816,2012,9
Alfa Romeo,237,2012,9
Mazda,2055,2012,9
Volvo,8224,2012,9
Skoda,5085,2012,9
Suzuki,1574,2012,9
Dacia,3,2012,9
BMW,5594,2012,9
Audi,6464,2012,9
Mercedes-Benz,3929,2012,9
Honda,1190,2012,9
Subaru,2696,2012,9
Morgan,4,2012,9
Jaguar,33,2012,9
Saab,10,2012,9
Land Rover,542,2012,9
Ssangyong,30,2012,9
Porsche,259,2012,9
Jeep,173,2012,9
Isuzu,3,2012,9
Cadillac,3,2012,9
Aston Martin,4,2012,9
Tesla,808,2013,9
Mia,5,2013,9
Think,4,2013,9
Tazzari,1,2013,9
Fisker,1,2013,9
Nissan,5886,2013,9
Smart,22,2013,9
Renault,614,2013,9
Lexus,390,2013,9
Fiat,529,2013,9
Peugeot,4109,2013,9
Citroen,1971,2013,9
Toyota,13635,2013,9
MINI,698,2013,9
Ford,7644,2013,9
Mitsubishi,4579,2013,9
Volkswagen,14357,2013,9
Kia,3722,2013,9
Skoda,4600,2013,9
Volvo,7778,2013,9
Alfa Romeo,127,2013,9
Opel,2870,2013,9
Hyundai,3529,2013,9
Chevrolet,404,2013,9
Dacia,158,2013,9
BMW,5274,2013,9
Suzuki,1397,2013,9
Audi,5877,2013,9
Mazda,4917,2013,9
Mercedes-Benz,4488,2013,9
Saab,2,2013,9
Morgan,4,2013,9
Subaru,2472,2013,9
Honda,2074,2013,9
Jaguar,52,2013,9
Ssangyong,18,2013,9
Land Rover,401,2013,9
Nilsson,9,2013,9
Jeep,51,2013,9
Porsche,263,2013,9
Cadillac,2,2013,9
Dodge,1,2013,9
Aston Martin,3,2013,9
Tesla,30,2012,10
Think,17,2012,10
Mia,10,2012,10
Fisker,4,2012,10
Nissan,5780,2012,10
Citroen,3075,2012,10
Smart,45,2012,10
Lexus,455,2012,10
Peugeot,5394,2012,10
Renault,578,2012,10
Fiat,552,2012,10
Toyota,14739,2012,10
Mitsubishi,3950,2012,10
MINI,720,2012,10
Chevrolet US,2,2012,10
Chevrolet,16,2012,10
Ford,9522,2012,10
Kia,4107,2012,10
Opel,3135,2012,10
Seat,1,2012,10
Volkswagen,17065,2012,10
Hyundai,4737,2012,10
Alfa Romeo,264,2012,10
Mazda,2396,2012,10
Volvo,9195,2012,10
Skoda,5696,2012,10
Suzuki,1750,2012,10
Dacia,3,2012,10
Westfield,1,2012,10
Martin Motors,1,2012,10
BMW,6281,2012,10
Audi,7118,2012,10
Mercedes-Benz,4431,2012,10
Honda,1333,2012,10
Morgan,5,2012,10
Subaru,3030,2012,10
Jaguar,35,2012,10
Saab,10,2012,10
Land Rover,581,2012,10
Ssangyong,32,2012,10
Nilsson,5,2012,10
Porsche,290,2012,10
Jeep,197,2012,10
Iveco,2,2012,10
Isuzu,3,2012,10
Ford USA,2,2012,10
Cadillac,3,2012,10
Aston Martin,4,2012,10
Bentley,3,2012,10
Ferrari,4,2012,10
McLaren,1,2012,10
Tesla,908,2013,10
Mia,5,2013,10
Think,4,2013,10
Fisker,1,2013,10
Nissan,6961,2013,10
Smart,26,2013,10
Renault,723,2013,10
Lexus,458,2013,10
Peugeot,4572,2013,10
Fiat,564,2013,10
Citroen,2151,2013,10
Toyota,15525,2013,10
MINI,818,2013,10
Ford,8508,2013,10
Mitsubishi,4980,2013,10
Volkswagen,15903,2013,10
Kia,4181,2013,10
Skoda,5373,2013,10
Volvo,8925,2013,10
Alfa Romeo,144,2013,10
Opel,3072,2013,10
Hyundai,3832,2013,10
Suzuki,1777,2013,10
Chevrolet,459,2013,10
Dacia,168,2013,10
BMW,5853,2013,10
Audi,6541,2013,10
Mazda,5366,2013,10
Mercedes-Benz,4931,2013,10
Saab,2,2013,10
Morgan,4,2013,10
Subaru,2757,2013,10
Honda,2245,2013,10
Jaguar,60,2013,10
Ssangyong,21,2013,10
Land Rover,454,2013,10
Nilsson,9,2013,10
Porsche,283,2013,10
Jeep,64,2013,10
Cadillac,2,2013,10
Dodge,1,2013,10
Aston Martin,3,2013,10
Tesla,30,2012,11
Think,17,2012,11
Mia,10,2012,11
Fisker,6,2012,11
Nissan,6347,2012,11
Citroen,3357,2012,11
Smart,45,2012,11
Lexus,479,2012,11
Peugeot,5933,2012,11
Renault,612,2012,11
Fiat,607,2012,11
Toyota,16119,2012,11
Mitsubishi,4346,2012,11
MINI,797,2012,11
Chevrolet US,2,2012,11
Kia,4667,2012,11
Ford,10263,2012,11
Chevrolet,55,2012,11
Opel,3458,2012,11
Volkswagen,19129,2012,11
Hyundai,5108,2012,11
Alfa Romeo,277,2012,11
Mazda,2657,2012,11
Suzuki,1957,2012,11
Skoda,6213,2012,11
Volvo,10285,2012,11
Dacia,3,2012,11
Seat,2,2012,11
Westfield,1,2012,11
Martin Motors,1,2012,11
BMW,6921,2012,11
Audi,7820,2012,11
Mercedes-Benz,4953,2012,11
Honda,1538,2012,11
Morgan,5,2012,11
Subaru,3335,2012,11
Jaguar,41,2012,11
Saab,11,2012,11
Land Rover,614,2012,11
Ssangyong,33,2012,11
Nilsson,5,2012,11
Porsche,309,2012,11
Jeep,204,2012,11
Iveco,2,2012,11
Isuzu,3,2012,11
Ford USA,2,2012,11
Cadillac,4,2012,11
Aston Martin,4,2012,11
Bentley,3,2012,11
Ferrari,4,2012,11
McLaren,1,2012,11
Tesla,1433,2013,11
Think,8,2013,11
Mia,5,2013,11
Tazzari,1,2013,11
Fisker,1,2013,11
Nissan,7690,2013,11
Smart,26,2013,11
Renault,816,2013,11
Lexus,512,2013,11
Peugeot,5008,2013,11
Citroen,2332,2013,11
Fiat,600,2013,11
Toyota,16979,2013,11
Seat,1,2013,11
MINI,926,2013,11
Ford,9241,2013,11
Volkswagen,17636,2013,11
Mitsubishi,5358,2013,11
Skoda,6162,2013,11
Kia,4659,2013,11
Volvo,9978,2013,11
Alfa Romeo,150,2013,11
Opel,3280,2013,11
Chevrolet,507,2013,11
Hyundai,4043,2013,11
Suzuki,2049,2013,11
Dacia,173,2013,11
BMW,6439,2013,11
Audi,7036,2013,11
Mazda,5821,2013,11
Mercedes-Benz,5425,2013,11
Saab,2,2013,11
Morgan,4,2013,11
Subaru,2993,2013,11
Honda,2434,2013,11
Jaguar,61,2013,11
Ssangyong,22,2013,11
Land Rover,506,2013,11
Nilsson,9,2013,11
Jeep,76,2013,11
Porsche,301,2013,11
Cadillac,2,2013,11
Dodge,1,2013,11
Tesla,3775,2014,11
Tazzari,2,2014,11
Smart,10,2014,11
Nissan,8558,2014,11
Renault,1472,2014,11
Citroen,2542,2014,11
Volkswagen,19635,2014,11
Mitsubishi,4921,2014,11
Peugeot,6028,2014,11
BMW,8798,2014,11
Lexus,733,2014,11
Toyota,14937,2014,11
Fiat,355,2014,11
Kia,4050,2014,11
MINI,870,2014,11
Ford,7138,2014,11
Skoda,6785,2014,11
Volvo,9253,2014,11
Suzuki,2705,2014,11
Alfa Romeo,82,2014,11
Dacia,144,2014,11
Hyundai,2110,2014,11
Opel,2756,2014,11
Audi,6473,2014,11
Mazda,5809,2014,11
Mercedes-Benz,5818,2014,11
Honda,1968,2014,11
Chevrolet,371,2014,11
Subaru,2261,2014,11
Jaguar,47,2014,11
Jeep,181,2014,11
Morgan,2,2014,11
Porsche,368,2014,11
Land Rover,519,2014,11
Iveco,1,2014,11
Ssangyong,2,2014,11
Cadillac,2,2014,11
Tesla,3666,2015,11
Smart,103,2015,11
Renault,2372,2015,11
Volkswagen,24423,2015,11
Nissan,8086,2015,11
Citroen,1958,2015,11
Peugeot,5124,2015,11
BMW,8543,2015,11
Kia,4177,2015,11
Toyota,15150,2015,11
Mercedes-Benz,6767,2015,11
Audi,6194,2015,11
Fiat,218,2015,11
Lexus,1023,2015,11
MINI,779,2015,11
Ford,7697,2015,11
Skoda,6846,2015,11
Suzuki,2904,2015,11
Alfa Romeo,43,2015,11
Volvo,8465,2015,11
Hyundai,2263,2015,11
Dacia,134,2015,11
Seat,2,2015,11
Jaguar,97,2015,11
Honda,1964,2015,11
Mazda,6086,2015,11
Chevrolet,3,2015,11
Jeep,222,2015,11
Porsche,367,2015,11
Morgan,1,2015,11
Land Rover,527,2015,11
Lotus,1,2015,11
Ford USA,28,2015,11
Ssangyong,4,2015,11
Iveco,1,2015,11
Lancia,2,2015,11
Aston Martin,3,2015,11
Tesla,32,2012,12
Think,18,2012,12
Mia,11,2012,12
Fisker,6,2012,12
Nissan,6658,2012,12
Citroen,3583,2012,12
Smart,48,2012,12
Lexus,493,2012,12
Peugeot,6209,2012,12
Renault,657,2012,12
Fiat,631,2012,12
Toyota,16903,2012,12
Mitsubishi,4654,2012,12
MINI,856,2012,12
Chevrolet US,2,2012,12
Ford,11005,2012,12
Kia,4917,2012,12
Chevrolet,77,2012,12
Opel,3616,2012,12
Volkswagen,20507,2012,12
Hyundai,5557,2012,12
Dacia,6,2012,12
Alfa Romeo,283,2012,12
Mazda,2927,2012,12
Skoda,6793,2012,12
Suzuki,2060,2012,12
Volvo,11550,2012,12
Seat,2,2012,12
Westfield,1,2012,12
Martin Motors,1,2012,12
BMW,7325,2012,12
Audi,8321,2012,12
Mercedes-Benz,5613,2012,12
Honda,1731,2012,12
Morgan,5,2012,12
Jaguar,47,2012,12
Subaru,3559,2012,12
Saab,11,2012,12
Land Rover,684,2012,12
Ssangyong,36,2012,12
Nilsson,5,2012,12
Porsche,328,2012,12
Jeep,209,2012,12
Iveco,2,2012,12
Isuzu,3,2012,12
Ford USA,2,2012,12
Cadillac,5,2012,12
Aston Martin,4,2012,12
Bentley,3,2012,12
Ferrari,4,2012,12
McLaren,1,2012,12
Tesla,1986,2013,12
Think,8,2013,12
Mia,5,2013,12
Tazzari,1,2013,12
Fisker,1,2013,12
Nissan,8202,2013,12
Smart,29,2013,12
Renault,889,2013,12
Lexus,525,2013,12
Peugeot,5259,2013,12
Citroen,2466,2013,12
Fiat,636,2013,12
Toyota,17885,2013,12
Seat,1,2013,12
Volkswagen,19117,2013,12
MINI,983,2013,12
Ford,9997,2013,12
Mitsubishi,5734,2013,12
Skoda,6948,2013,12
Kia,5035,2013,12
Volvo,11862,2013,12
Alfa Romeo,155,2013,12
Opel,3614,2013,12
Suzuki,2319,2013,12
Chevrolet,539,2013,12
Hyundai,4185,2013,12
BMW,6876,2013,12
Dacia,189,2013,12
Audi,7511,2013,12
Mazda,6109,2013,12
Mercedes-Benz,6088,2013,12
Saab,2,2013,12
Morgan,4,2013,12
Subaru,3233,2013,12
Honda,2655,2013,12
Jaguar,63,2013,12
Ssangyong,23,2013,12
Land Rover,562,2013,12
Nilsson,9,2013,12
Jeep,82,2013,12
Porsche,310,2013,12
Cadillac,2,2013,12
Dodge,1,2013,12
Aston Martin,3,2013,12
Tesla,4039,2015,12
Smart,119,2015,12
Renault,2682,2015,12
Volkswagen,26296,2015,12
Nissan,8316,2015,12
Mitsubishi,5790,2015,12
Citroen,2117,2015,12
Peugeot,5542,2015,12
BMW,9567,2015,12
Toyota,16016,2015,12
Kia,4635,2015,12
Mercedes-Benz,7627,2015,12
Audi,6689,2015,12
Lexus,1071,2015,12
Fiat,262,2015,12
Ford,8434,2015,12
Skoda,7490,2015,12
Suzuki,3087,2015,12
Volvo,9977,2015,12
Alfa Romeo,46,2015,12
Opel,3317,2015,12
Dacia,141,2015,12
Seat,2,2015,12
Hyundai,2472,2015,12
Mazda,6702,2015,12
Chevrolet,3,2015,12
Jeep,233,2015,12
Subaru,3754,2015,12
Porsche,385,2015,12
Land Rover,602,2015,12
Lotus,1,2015,12
Ford USA,28,2015,12
Ssangyong,5,2015,12
Iveco,1,2015,12
Lancia,2,2015,12
Aston Martin,3,2015,12
Tesla,392,2015,2
Renault,274,2015,2
Volkswagen,3950,2015,2
Nissan,1608,2015,2
Mitsubishi,804,2015,2
Peugeot,774,2015,2
Smart,3,2015,2
Citroen,313,2015,2
Kia,630,2015,2
Fiat,28,2015,2
BMW,1285,2015,2
Audi,776,2015,2
Toyota,2808,2015,2
Lexus,243,2015,2
MINI,119,2015,2
Hyundai,431,2015,2
Alfa Romeo,10,2015,2
Ford,1259,2015,2
Suzuki,533,2015,2
Mercedes-Benz,1072,2015,2
Skoda,1012,2015,2
Opel,514,2015,2
Dacia,35,2015,2
Volvo,759,2015,2
Mazda,750,2015,2
Jeep,44,2015,2
Honda,281,2015,2
Jaguar,10,2015,2
Porsche,65,2015,2
Land Rover,76,2015,2
Tesla,1532,2015,3
Volkswagen,6222,2015,3
Nissan,2665,2015,3
Peugeot,1299,2015,3
Mitsubishi,1178,2015,3
Smart,6,2015,3
Citroen,498,2015,3
Fiat,49,2015,3
Audi,1374,2015,3
Kia,1006,2015,3
Lexus,340,2015,3
BMW,2070,2015,3
MINI,191,2015,3
Alfa Romeo,13,2015,3
Hyundai,633,2015,3
Ford,2088,2015,3
Mercedes-Benz,1553,2015,3
Suzuki,844,2015,3
Skoda,1691,2015,3
Opel,858,2015,3
Volvo,1634,2015,3
Dacia,58,2015,3
Honda,552,2015,3
Mazda,1140,2015,3
Jeep,63,2015,3
Chevrolet,2,2015,3
Subaru,613,2015,3
Porsche,93,2015,3
Land Rover,155,2015,3
Tesla,1762,2015,4
Renault,785,2015,4
Smart,12,2015,4
Volkswagen,8889,2015,4
Nissan,3208,2015,4
Mitsubishi,1596,2015,4
Peugeot,1840,2015,4
Citroen,803,2015,4
Audi,2039,2015,4
Fiat,74,2015,4
Toyota,5591,2015,4
Kia,1360,2015,4
Lexus,414,2015,4
BMW,2803,2015,4
Mercedes-Benz,2194,2015,4
MINI,283,2015,4
Alfa Romeo,16,2015,4
Ford,2722,2015,4
Hyundai,845,2015,4
Suzuki,1058,2015,4
Skoda,2416,2015,4
Volvo,2363,2015,4
Dacia,75,2015,4
Honda,699,2015,4
Mazda,1698,2015,4
Jeep,87,2015,4
Chevrolet,2,2015,4
Subaru,978,2015,4
Jaguar,15,2015,4
Porsche,132,2015,4
Tesla,2108,2015,5
Smart,38,2015,5
Renault,943,2015,5
Volkswagen,10956,2015,5
Nissan,3722,2015,5
Mitsubishi,2173,2015,5
Citroen,956,2015,5
Peugeot,2330,2015,5
Toyota,6750,2015,5
Audi,2624,2015,5
Fiat,108,2015,5
Mercedes-Benz,2868,2015,5
Kia,1750,2015,5
Lexus,480,2015,5
BMW,3496,2015,5
MINI,346,2015,5
Ford,3469,2015,5
Hyundai,968,2015,5
Alfa Romeo,19,2015,5
Suzuki,1311,2015,5
Skoda,3001,2015,5
Opel,1392,2015,5
Volvo,3305,2015,5
Dacia,78,2015,5
Honda,842,2015,5
Mazda,2206,2015,5
Chevrolet,2,2015,5
Subaru,1297,2015,5
Jaguar,21,2015,5
Porsche,162,2015,5
Land Rover,262,2015,5
Aston Martin,3,2015,5
Tesla,2674,2015,6
Smart,54,2015,6
Renault,1439,2015,6
Volkswagen,13456,2015,6
Nissan,4414,2015,6
Mitsubishi,2813,2015,6
Citroen,1154,2015,6
Peugeot,2802,2015,6
Audi,3264,2015,6
Toyota,8159,2015,6
Kia,2169,2015,6
Mercedes-Benz,3484,2015,6
Fiat,130,2015,6
Lexus,599,2015,6
BMW,4345,2015,6
MINI,411,2015,6
Ford,4139,2015,6
Alfa Romeo,22,2015,6
Hyundai,1205,2015,6
Suzuki,1539,2015,6
Skoda,3646,2015,6
Opel,1682,2015,6
Volvo,4404,2015,6
Dacia,92,2015,6
Honda,1076,2015,6
Mazda,2841,2015,6
Jaguar,39,2015,6
Jeep,130,2015,6
Chevrolet,2,2015,6
Subaru,1613,2015,6
Porsche,200,2015,6
Land Rover,306,2015,6
Lancia,2,2015,6
Aston Martin,3,2015,6
Volkswagen,15868,2015,7
Peugeot,3279,2015,7
Toyota,9617,2015,7
MINI,513,2015,7
Suzuki,1742,2015,7
Skoda,4273,2015,7
Hyundai,1386,2015,7
Honda,1165,2015,7
Jaguar,47,2015,7
Lotus,1,2015,7
Ford USA,3,2015,7
Aston Martin,3,2015,7
Smart,69,2015,8
Renault,1708,2015,8
Volkswagen,18115,2015,8
Nissan,5895,2015,8
Mitsubishi,3387,2015,8
Citroen,1402,2015,8
Peugeot,3810,2015,8
Mercedes-Benz,4834,2015,8
BMW,5822,2015,8
Audi,4559,2015,8
Kia,3051,2015,8
Fiat,170,2015,8
Lexus,803,2015,8
MINI,584,2015,8
Ford,5635,2015,8
Alfa Romeo,35,2015,8
Suzuki,2074,2015,8
Skoda,4939,2015,8
Opel,2204,2015,8
Hyundai,1585,2015,8
Volvo,5747,2015,8
Dacia,109,2015,8
Seat,2,2015,8
Honda,1316,2015,8
Mazda,4059,2015,8
Jaguar,58,2015,8
Jeep,179,2015,8
Chevrolet,2,2015,8
Subaru,2279,2015,8
Porsche,270,2015,8
Morgan,1,2015,8
Land Rover,375,2015,8
Lotus,1,2015,8
Ssangyong,2,2015,8
Ford USA,12,2015,8
Lancia,2,2015,8
Aston Martin,3,2015,8
Tesla,3243,2015,9
Smart,86,2015,9
Renault,1948,2015,9
Volkswagen,19879,2015,9
Nissan,6872,2015,9
Mitsubishi,3824,2015,9
Citroen,1551,2015,9
Peugeot,4249,2015,9
BMW,6599,2015,9
Mercedes-Benz,5509,2015,9
Kia,3435,2015,9
Toyota,12605,2015,9
Audi,5053,2015,9
Fiat,189,2015,9
Lexus,895,2015,9
MINI,666,2015,9
Ford,6274,2015,9
Skoda,5487,2015,9
Alfa Romeo,40,2015,9
Suzuki,2385,2015,9
Opel,2463,2015,9
Volvo,6574,2015,9
Hyundai,1885,2015,9
Dacia,121,2015,9
Seat,2,2015,9
Honda,1528,2015,9
Jaguar,72,2015,9
Mazda,4738,2015,9
Chevrolet,3,2015,9
Jeep,194,2015,9
Subaru,2580,2015,9
Porsche,298,2015,9
Morgan,1,2015,9
Land Rover,425,2015,9
Lotus,1,2015,9
Ssangyong,2,2015,9
Ford USA,21,2015,9
Lancia,2,2015,9
Aston Martin,3,2015,9
Tesla,132,2014,1
Smart,2,2014,1
Renault,74,2014,1
Citroen,187,2014,1
Peugeot,661,2014,1
Fiat,31,2014,1
Toyota,1501,2014,1
Lexus,66,2014,1
Volkswagen,1360,2014,1
Mitsubishi,389,2014,1
Skoda,521,2014,1
Kia,286,2014,1
MINI,66,2014,1
Suzuki,401,2014,1
BMW,919,2014,1
Ford,601,2014,1
Volvo .,654,2014,1
Dacia,7,2014,1
Opel,263,2014,1
Mazda,610,2014,1
Audi,633,2014,1
Hyundai,217,2014,1
Honda,91,2014,1
Mercedes-Benz,525,2014,1
Chevrolet,47,2014,1
Alfa Romeo,5,2014,1
Subaru,187,2014,1
Jaguar,9,2014,1
Land Rover,79,2014,1
Porsche,26,2014,1
Jeep,7,2014,1
Tesla,563,2014,2
Nissan,1733,2014,2
. Renault,133,2014,2
Mitsubishi,840,2014,2
Peugeot,1269,2014,2
Lexus,113,2014,2
Toyota,2849,2014,2
Volkswagen,2739,2014,2
MINI,124,2014,2
Skoda,1087,2014,2
Kia,571,2014,2
Suzuki,689,2014,2
Volvo,1377,2014,2
r Dacia,18,2014,2
Mazda,982,2014,2
Opel,556,2014,2
Alfa Romeo,10,2014,2
Audi,1176,2014,2
Hyundai,428,2014,2
Chevrolet,107,2014,2
Honda,266,2014,2
Mercedes-Benz,1020,2014,2
Subaru,387,2014,2
Jag uar,15,2014,2
Land Rover,147,2014,2
Nilsson,4,2014,2
Porsche,42,2014,2
Jeep,15,2014,2
Tesla,2056,2014,3
Nissan,2656,2014,3
Citroen,625,2014,3
Mitsubishi,1400,2014,3
Smart,4,2014,3
Renault,373,2014,3
Peugeot,1759,2014,3
Volkswagen,4461,2014,3
Lexus,148,2014,3
BMW,2831,2014,3
Fiat,98,2014,3
Toyota,4286,2014,3
MINI,203,2014,3
Skoda,1630,2014,3
Kia,878,2014,3
Ford,1825,2014,3
Suzuki,927,2014,3
Volvo,2292,2014,3
Dacia,41,2014,3
Mazda,1537,2014,3
Audi,1746,2014,3
Opel,890,2014,3
Hyundai,623,2014,3
Alfa Romeo,20,2014,3
Chevrolet,156,2014,3
Mercedes-Benz,1542,2014,3
Honda,502,2014,3
Jaguar,19,2014,3
Subaru,623,2014,3
Land Rover,239,2014,3
Nilsson,4,2014,3
Porsche,59,2014,3
Jeep,19,2014,3
